"neighborhood","geoid","population","latitude","longitude","perceived_violence","svi","walkability","eviction_filing_rate","eviction_rate","perceived_sidewalk_qual","internet_access","easy_to_transit","rent_burdened","tree_canopy","litter","low_food_access","adult_loneliness","mental_health_need","disability","overall_health","perceived_safety","trust_law_enforce","trust_local_gov","high_school_grad","college_grad","preschool_enroll","unemployment","community_belonging","single_parent","poverty","percent_snap","percent_eligible_no_snap","public_assistance","foreign_born","limited_english_proficiency","nonhispanic_white","firearm_homicide","grade9_ed","roads_rail_airport_proximity_index","food_insecurity","medicaid","noncitizen","veteran","chicago_area","facet_area"
"Rogers Park","1",55454,-87.670171,42.00963,38.256937959,80.5814876275583,14.4005098207826,2.26600056082813,0.586916157307394,46.547849172,88.106383886,84.228615971,48.8097342369204,27.4,28.551376642,5.67896156655646,37.00320243,53.064854256,10.9708598987265,82.282576927,59.172892147,50.394446606,50.144769269,88.9364541906383,50.856471043329,49.4971606192188,5.73076142843895,39.892816842,3.22769223190891,19.9834663203977,16.0661063307905,61.4425149167554,4.13297031054365,24.3260107369582,5.95228348310814,46.0852023104561,5.7,93.8715242944428,48.5777148850515,21.3186998121989,21.937659557948,14.0783736262782,2.89288765281022,"north","The North Side"
"Norwood Park","10",41069,-87.803451,41.985248,15.184951538,40.1804082929201,14.6167486122837,1.00511170170016,0.400132532295574,47.803517399,95.960688539,70.40794751,42.7237721878179,22.9,77.820311758,57.982295050679,18.9093925,NA,10.5476888681511,92.564016582,83.254299623,84.612013073,45.91158969,93.0606831561903,46.1503962964939,56.9075603760316,4.03090383615526,55.64646443,4.28793275970276,7.07867956761183,6.14692247473722,90.5899894129153,3.32693171567659,18.5310416099954,2.47862292638109,70.9852255321682,0,96.1052396217532,72.6978775693975,11.2550168951521,10.8393059708407,4.58148376147688,5.24402440264892,"north","The North Side"
"Jefferson Park","11",26201,-87.771165,41.978836,13.214081274,43.8696136862043,16.1156976448542,1.27273521414934,0.561007350635875,52.436000315,91.277789799,73.138964701,41.4779422023896,22.5,64.181138813,9.38820742416371,27.75649933,55.46679155,10.4626251027048,87.222209682,82.027429598,67.252448773,48.301026405,92.0543320166566,41.247062195974,65.1429976608802,5.9590549743855,39.263917833,3.39130700991134,8.79869726161565,9.18524806378721,64.4557640208527,3.30314614716404,25.8290888400176,8.79190165650335,57.0059882431612,5.3,95.82587951831,77.999267570687,12.9997273970014,13.2703107179491,9.65855661350042,3.40645450832443,"north","The North Side"
"Forest Glen","12",19579,-87.758358,41.993938,5.7175987784,23.7899706276728,15.3782071823539,4.21556131436119,0.889855021178857,60.419995491,96.156893711,83.396434832,24.2999171392573,44.2,84.859536006,17.5198845533823,19.13364246,67.900854536,8.6845966047888,90.697305605,97.645560425,81.398806129,58.147505124,95.5440959551527,59.0843412865931,58.0173802244857,4.53626941494715,63.424096097,1.62862331518324,3.86094822448386,4.16278348845971,72.7738478344448,2.95559386997623,18.0836178264617,3.24309785243038,73.9088985656122,0,97.6765970559375,74.5143540588129,9.53156250500008,7.31231289215383,4.6193333149486,2.26471816832296,"north","The North Side"
"North Park","13",17522,-87.723578,41.983651,18.390970432,73.4950099032314,15.0848179347065,0.78866205384377,0.311318337675155,63.573309552,88.291880651,83.081620701,40.7066478140757,33,72.068924719,76.7781154091305,23.46990757,76.083046745,11.636696355315,89.903856118,86.874929237,76.490152122,68.531281793,88.6118089721441,48.072960652303,74.8904748638864,3.74612130400122,60.943460404,5.2328975052212,14.4198944092916,14.4470921424725,54.6138718794321,3.47339003010431,39.5771245732628,9.10476589685155,45.3929380262668,7.8,93.4890478936158,51.4340897755211,15.9136423773509,26.2257986487314,10.8142043388069,2.28568217262922,"north","The North Side"
"Albany Park","14",48549,-87.721558,41.968078,42.2865308,75.0709693442758,14.7655602530696,1.26207516876018,0.51124702914324,41.632173904,88.114410479,76.492182099,39.8664565575073,23.8,42.048213437,3.89779136284278,38.82269687,83.521543328,7.66616076316574,82.041127743,51.455323804,53.139264135,43.167413084,81.1509916960478,42.6670698983832,57.0473780818411,6.42661227118112,37.674404248,7.78921504351062,13.3880622390548,14.4708417248748,63.8770328522846,2.98657851358234,37.84091099429,14.603128383717,34.2108853774954,4.3,87.4995579549632,66.8320868932522,15.296628373027,23.6374633412865,21.9623850321442,1.70261321353,"west","The West Side"
"Portage Park","15",63038,-87.763401,41.954043,17.880634249,61.4807880409758,14.9800599763902,1.83857315353819,0.627399066359402,44.262967132,92.653701493,85.937314856,43.5723712976417,19.4,61.498080048,24.8257787002095,33.20505364,73.517119511,10.434564518175,89.103271193,72.998606896,69.58860587,50.354953028,87.8122832651389,35.4281301604301,41.8774212164521,5.35715700105355,48.977501396,5.13542615309864,9.79477771342001,10.9227323375527,66.4956871971283,1.96189688612544,31.2141135275406,10.0786473696473,46.6758125311892,2,93.1498709884603,49.8575383642284,13.7917079082921,18.0826735774739,13.6728595852541,2.35470092774217,"west","The West Side"
"Irving Park","16",51911,-87.723457,41.953589,21.233113764,60.2956294457282,15.0959576858352,1.60582785128671,0.608040947163548,54.896387497,90.370467739,86.645230556,39.0822163301028,24.8,52.186245793,15.2155990232583,33.55334538,62.848067944,8.11690389277147,88.637295166,78.197949118,63.983597108,47.999786265,87.3402013880116,47.4629925114054,61.6527886490584,6.00029846698504,44.602401005,5.39305769247691,8.70173989391558,10.7440806799393,59.272699123065,3.09690626691019,25.4670053338672,7.97458249947914,45.2928402244882,2.2,91.7286523519722,73.928753221368,12.4659752319505,16.8122188556796,10.8683816896397,2.24053717779315,"west","The West Side"
"Dunning","17",43120,-87.806015,41.946522,20.077395876,43.2551414303603,14.4296588683792,1.57028777820231,0.504714497323667,42.484638886,90.904292038,76.069311217,40.7044719217896,18.8,49.516745674,47.3604793817543,22.57829194,73.622208921,9.91546769345386,89.430346049,72.771484662,66.30604354,37.302640511,89.7422474146391,27.194460812707,26.8227474340889,5.16021887220362,43.544192202,3.76989338884606,7.74923879669932,6.71343446735357,84.3699782878014,1.77144814186161,32.104503085588,9.6874674525263,55.3781609764103,6.7,94.4564119348601,15.3692519770365,11.6920441419864,16.1361007991309,12.7526115325406,3.23423125126406,"west","The West Side"
"Montclare","18",14412,-87.798033,41.929306,9.8282805902,83.2406489489006,14.9828993909958,3.282142182893,1.02291784013239,36.991649152,90.178615423,65.599379502,63.2477009830157,18.6,58.527645065,0.0758252634643147,44.02004538,96.847744978,14.1232650689657,90.43955648,82.066244633,68.920565146,47.685419394,80.8195931831246,17.3990139547424,44.8641859561497,4.17681773729763,42.675089539,8.98066055444948,10.9794635691174,16.2035708062458,69.0404770540943,2.9360329101048,31.1270308568964,9.33160481449936,33.970134089842,8.9,88.7905734956288,36.9933204684767,14.0422090110451,23.929713859204,15.462546457776,4.08342579024347,"west","The West Side"
"Belmont Cragin","19",78151,-87.765502,41.927275,17.511607864,80.1294129467404,14.7775814015383,2.05481032953395,0.565279097419479,27.61115051,89.085686579,71.717620694,53.6466536068895,15.2,27.876621194,0.00970678455631717,24.96718511,90.359035771,10.6148227482864,84.672729569,53.823443983,58.078078196,50.448002098,70.7022196975974,15.8975987581273,44.4589864839334,4.51676639862892,30.321235955,7.65527762931047,15.1402622083007,21.1500219893336,53.5510146466528,4.19571609357221,35.9465707250637,19.1860765425914,14.6844826840104,10.7,81.9759932883841,34.2519101124803,14.593182993183,30.2454118778049,20.3972796514902,2.12948473000571,"west","The West Side"
"West Ridge","2",77139,-87.695017,42.001583,18.183798701,82.3187903429451,14.5477380041968,2.00239934579005,0.691219453868228,49.270480954,86.133637414,69.211510615,46.5146634046657,26,45.203021589,9.32642202852269,30.09650634,80.413273899,9.02928180196676,90.183871941,69.992571234,61.32712013,40.468776086,83.625863591122,41.2203490614747,51.6996270738221,6.5352381264116,43.933275108,8.24633037503404,17.1049540010249,20.8898877215071,54.1069564957338,5.10461458726609,39.2680720262741,10.2376828914486,39.9863625840371,5,90.2202710646586,49.4735795674416,19.1071741143482,32.2562841856958,18.8526899173931,1.90427757483688,"north","The North Side"
"Hermosa","20",24127,-87.734741,41.924353,34.544768447,79.9718239784984,13.8127219766831,1.55809130209482,0.506470923809193,35.664363339,91.820556264,64.779763321,43.5241909191375,17,36.459838085,0.00156022376168676,37.14691872,77.714448576,9.31697580491856,80.727789759,38.978345199,56.091085554,34.528489009,72.3462506079829,19.9492351877021,48.0003315607201,5.50281108144731,40.18353079,8.69918253330893,13.676334474802,17.6964735850749,66.1381570673429,3.86823303592531,32.5414276653654,20.3861892849832,12.08693356993,10.2,81.5727011463999,39.1366365968273,15.4811061433184,27.4895573379505,17.3249564155989,1.54756289071783,"west","The West Side"
"Avondale","21",36245,-87.711219,41.938673,19.573154651,62.3392807380017,15.1624867016166,1.13212996396678,0.404173541475911,61.506738499,92.955803863,87.001235571,36.3619645628058,16.1,47.031666789,0.00858381841740546,30.43902341,58.706480476,7.99582244352885,94.993616884,77.041394907,53.019513192,52.102780856,86.6591826750212,43.8308452156034,40.6348281654828,5.67022392236355,49.450712914,5.42783490614222,12.8577624974608,10.8749740236804,63.3386017722166,3.26599939677723,24.8402212779987,11.8178002263469,37.4552125088351,2.4,91.9381385504141,77.5740478223094,14.3747807234651,18.6321972816498,13.5473096716347,1.85395334257284,"west","The West Side"
"Logan Square","22",71742,-87.699149,41.922768,28.577492177,40.9227084316682,15.700717089786,0.752352689405861,0.22714497695648,60.985856388,91.772348063,86.57373281,36.0767778401382,19.9,45.9162375,0.0104765477811148,37.20894209,63.127593068,5.95505270007189,86.096774261,76.54646781,46.388062049,49.184002294,91.9187677446825,60.653211167076,69.5112916011095,4.37168085013481,53.238592947,3.94300667202447,11.4246408623536,9.17861452797982,65.4727919799134,3.11627705842043,15.4549990559863,8.00559143858641,51.7130392345272,2.2,94.751849105759,67.8037862636412,12.5733603467207,14.0947362476325,7.52928615212967,1.62764906521863,"west","The West Side"
"Humboldt Park","23",53832,-87.720917,41.90008,46.526000168,88.1966572089766,14.1314767692744,2.84505136136751,0.940870611098806,44.085766373,93.522970577,69.012868066,54.508681745913,16.5,17.636858775,16.4262630325303,23.68823485,85.447912207,13.3352248891617,88.304392039,47.137289995,59.566369026,52.911071126,76.3498228525777,22.8707203070754,40.193230971001,10.4891455669415,36.453421789,15.8375237912573,25.0077225938895,30.5900736336938,38.438695458212,5.84278653586767,18.2453015819192,9.51555563848989,12.1301247701171,47.3,86.5793220447507,42.9094659272801,24.1757783031132,37.3527829715876,11.3688894194214,2.30136766696838,"west","The West Side"
"West Town","24",87942,-87.676358,41.901216,27.802513268,24.9582534878115,15.7948060002588,0.726530177176377,0.271156481076376,49.765908894,98.16504643,86.030262977,30.4731441429399,19.5,47.808655344,0.61131394991469,37.76550721,67.956962391,5.59204222496508,95.768315898,64.642861817,47.028601922,39.975649267,94.8341466181928,73.4713732988319,71.2065940273907,3.51494156696091,35.262649448,3.22469301159342,8.93467418224357,7.41259771096568,68.2188547950146,2.29763253354257,12.1821308730414,4.24596747035537,62.8627783397913,5.8,96.7980677214853,64.9050799726108,13.5762623914111,10.1654683526435,5.4471733487087,1.27724489942678,"west","The West Side"
"Austin","25",96753,-87.763117,41.894113,51.363273984,87.0268629183722,13.0286990211371,5.15179005594469,1.91166237400501,41.475707261,79.94172741,72.491732166,59.8722996555515,19,27.260018715,32.4076171323229,44.78203126,90.035814355,17.7639844201016,73.295080005,32.110785118,37.455017978,27.946900879,82.2870398431015,14.3045255093762,50.5056237302838,14.5040636586171,33.738590348,12.0149769479163,25.9996153037321,36.9577729927716,38.142350843161,6.51238236969546,8.16172871378833,3.51624809769483,5.59981875711768,73.2,92.8713568942935,50.7226351094789,26.4804069628487,39.7937481612742,5.03150302462935,4.73184056173783,"west","The West Side"
"West Garfield Park","26",17423,-87.730233,41.878602,72.194152467,86.6689022435081,14.2752518855159,5.33537383886477,2.08553115425684,44.83955596,73.104733587,64.63408084,65.718223754896,17.9,NA,0.0501227301129808,44.57742596,70.255866337,23.3299509531745,80.870363607,12.055514059,28.115790232,23.135385336,75.0901026459389,7.63733262120758,64.8816843415369,20.7244542186278,45.736880329,13.9058074410137,33.6653737089361,53.0874716991642,23.2568667953527,5.30460289080895,1.61767817740343,1.00302753957806,2.27623078664269,109.2,94.6245751158131,77.7742997503863,35.6939967,52.1139438205272,1.37780675938853,3.28997792746506,"west","The West Side"
"East Garfield Park","27",19995,-87.705892,41.878923,67.996716958,86.9647406356756,14.827388279309,4.0970497227714,1.37350745633043,37.622486042,77.881954489,60.20300436,58.0855994919359,18.4,24.435248548,52.3356796509787,35.24579588,86.688049371,18.1472368816481,74.461432505,33.192055715,49.185592078,28.916301877,79.9753660370929,20.4204372625879,53.3361244849768,17.1573846153676,39.685641343,20.9684387491262,40.4271973408788,47.1484921606182,31.7773663831082,6.79701853656948,1.75401507416095,0.348355133099308,5.83617375312162,75.5,95.6066133999197,77.9355751980835,37.705522293879,48.115747935708,0.684482271947782,2.63381150707776,"west","The West Side"
"Near West Side","28",67817,-87.663513,41.874016,31.24210211,46.1505363256788,16.6709952897387,1.48328400110397,0.440881507008283,59.310098539,91.909229104,85.712137933,39.3792004209307,14.6,52.545281531,16.3899040761542,35.38192317,73.814480614,9.15387074725945,88.700072109,58.855295017,63.035869073,49.522216455,94.4843316458394,68.4699859653201,60.5069192404472,7.0207886440304,31.139041589,4.68860087955319,17.8433676317796,12.3711549749438,70.0116751935698,2.6460954873877,17.2898030370326,1.55307852230553,44.2177300366974,12.5,97.731700673619,76.772255183659,23.3898738696216,13.9375228209075,10.8407754259838,2.32900049667683,"west","The West Side"
"North Lawndale","29",34817,-87.717218,41.860197,57.367758251,85.043081245849,13.8461386430651,5.26217290836799,2.18979136247217,41.314689975,78.963565124,75.125959658,61.4993712053667,17.7,21.436873865,22.3385451747269,23.61835098,86.542243511,19.5300729199389,80.103057515,40.6315572,42.350705993,30.853416033,79.9316290558947,15.4238699240986,42.7715093282589,15.0082673862293,41.009016357,17.2058964828153,36.0446721454267,44.0378249633934,29.9899631341588,6.97098592296808,5.72593607299191,2.06184619119161,4.93485571991429,92.3,92.5159745971725,61.0388530018423,33.7644781158249,44.6974594036573,3.86612375233569,3.00651539348714,"west","The West Side"
"Uptown","3",55120,-87.655899,41.965822,33.256931815,67.2023098010764,14.5317614186815,1.46787047828302,0.509793937996725,57.160298453,90.53351691,87.030534845,42.6416296621773,23.5,46.903309319,0.0159164152685014,42.82749675,69.196497684,13.4577294905989,88.094875795,71.554258552,45.253439739,43.335112045,90.4802549143922,58.2400181082506,74.3136522809981,4.64374410918074,46.185442081,3.02733719025991,19.7762035860165,15.2550386469901,60.1776588481156,4.2816937677351,23.3732201904804,5.18243820645094,52.8390503392379,1.6,95.3356513183931,76.9321971480367,18.181185205926,21.8694768147773,10.0583763807128,1.93074153426781,"north","The North Side"
"South Lawndale","30",71402,-87.714,41.839091,56.783398193,85.7586004727101,13.7064171076434,1.70106078770273,0.525674576234339,37.115662528,82.906226128,73.177298283,52.1764635403801,14.9,13.44136552,4.79340288387538,55.01605959,75.690926191,11.6023468839557,80.875111034,36.591514649,53.36207243,46.907914023,62.8633895195315,12.1481328678992,32.3688427773453,9.94704178548781,42.933500515,8.41933134930168,22.6963085809294,20.6200923339877,54.6295892679575,3.71919087418509,39.2754789259965,21.924427139132,4.89183535710649,19.9,76.2431065059744,62.2909270657786,20.1817960179602,35.1249716372975,23.3440432678905,1.01443588452039,"west","The West Side"
"Lower West Side","31",33716,-87.66757,41.850277,43.38097848,71.2349750406169,16.17647868396,1.09407234031053,0.320703524798054,37.433183467,93.633383436,73.237014885,34.8679610654116,10.6,25.933900761,12.095452726842,21.5031341,78.933234189,11.4802850606958,89.513212784,41.334152579,51.945958274,29.167884245,76.6926904772832,37.6279335596518,55.9248580857216,7.52614673831323,37.704253032,6.34693626891101,14.3127289252242,18.0343603959633,59.0237256668475,3.76926048709626,33.6275453123354,16.4891531498212,21.3091762225698,16,85.0054629164485,70.1551454082236,17.2033306033306,22.4242969057361,19.5647975800263,1.94097497533064,"west","The West Side"
"Loop","32",43440,-87.625194,41.878881,44.458842705,43.9012271382697,17.3339333070531,1.4002742280157,0.50195093530963,73.481324954,95.291781469,90.337823518,38.2619873234658,17.8,57.125953566,0.00345935920243558,34.90128026,74.486440328,6.75013321224987,95.047509413,65.599432307,58.954248837,48.278692917,97.190979987638,82.7880769493892,90.5646055152489,6.17414934704327,36.618135025,0.851565865994747,9.6905583854856,1.78866311398797,96.1819744973177,1.39902962132997,29.2867068837444,2.30777316743693,53.8070685677455,0,99.015120356372,77.9857453699918,13.9127095768544,5.15729864259867,16.7410755072988,2.14628434779862,"loop",NA
"Near South Side","33",27296,-87.620344,41.857196,48.024997224,27.0907040805084,16.4099042851993,3.58985162245842,1.0125164945781,74.503054685,93.213214867,86.918269237,34.6702760950309,13.8,60.354361716,3.93455820464246,23.20630735,76.392497418,7.78661725233512,98.722944268,63.571301081,74.118019606,54.443583678,95.4433259544385,80.9307512052698,74.8760818722434,1.98462655681165,47.49171596,4.20940407115792,7.34118667275723,11.3224934530957,68.122937412542,1.6233513111436,21.6070510935412,1.37455573052981,50.1010368349109,3.5,97.8341172984382,78,13.3090650362601,8.27812081621341,10.2082441047958,1.82720131242468,"south","The South Side"
"Armour Square","34",13847,-87.633976,41.842083,36.012207117,87.8047195261759,17.0758933233406,0.521824513666263,0.206393524814739,58.778122885,85.541184069,69.823997663,42.9278986612661,13.1,38.221932839,18.8411405047685,33.97262722,93.773275581,15.963666235417,82.43581014,39.906173883,57.004809748,47.044841286,68.4051861879148,28.5686559953414,72.6324851352513,8.04796495809767,52.84031579,8.83757399834138,20.0983251401248,26.3180252521325,46.4242517968735,4.67522266326531,48.0687162818801,33.7008418980444,17.1380623953086,22.9,76.7369024706732,77.9967762910073,30.153253493493,37.3014814097066,18.0156054598064,1.11712683511962,"south","The South Side"
"Douglas","35",20292,-87.61868,41.835122,37.941671773,73.9987844939911,13.6387180434372,3.86227505708547,1.58772363941187,53.530598783,90.51065229,82.926001472,43.1396601234153,21.6,53.531133843,36.5810693577971,21.78061491,66.609781218,18.2779707087693,93.354340507,46.284665147,53.293771853,53.750102264,88.3241995186145,41.2255850499563,47.5079150277575,14.4530442300645,40.45191666,8.49594129314335,27.8228748935617,27.7254404786106,52.9505665411479,3.9750666154303,21.9058072966386,1.5814407361004,10.2485623219216,23.1,96.1467807668129,78,29.4880035000875,30.0007803913465,16.4659452062356,3.35705220554277,"south","The South Side"
"Oakland","36",6803,-87.603217,41.823754,25.723269813,77.4102058362526,13.5713030217641,6.94376037979448,1.96935995502739,66.471169534,85.478495125,81.509347213,53.294528630059,18,57.403484839,7.80366305227681,31.16595416,88.261135136,13.8899113463309,93.618525619,69.091066934,52.744581011,56.34071871,90.2781103109462,37.0110128214466,95.9790769842048,21.6724932715998,60.251494291,18.9170493860018,35.763976842326,43.5007724847665,29.0699604843726,3.95432965178297,9.11384288720187,0.110698801971646,4.25266790365576,38.4,98.5319599381005,78,32.4057127914047,39.2388714104188,4.02284715431874,3.09024908925808,"south","The South Side"
"Fuller Park","37",2549,-87.632427,41.809082,47.910386176,88.5576676509139,14.3922276592956,2.53221106195374,0.575473618592184,43.38192886,75.997740902,70.90380023,50.7387604311754,12.3,33.345955344,97.1012332518511,39.1494771,76.201163869,28.1741940639106,78.345763793,35.535719352,54.744743466,53.088257179,75.6111115783351,9.58330209300332,33.5042962534423,32.7100739959158,26.729474544,10.4636716093023,51.4410884854607,68.8750346019668,13.5548936090233,8.6994218791894,5.92619229811393,0.525141995882908,3.98341285698727,54.4,96.0451270633372,77.9294295502114,39.2616209,56.4321818356928,3.46813866432868,9.25320966975264,"south","The South Side"
"Grand Boulevard","38",24586,-87.61786,41.812947,40.117467409,72.7218981239323,14.385861565025,4.26757834340595,1.31266476507399,49.118020734,93.583769057,76.243061136,49.636719853075,16.9,32.876744717,10.537804854067,35.01069345,62.611638622,18.1880864711863,82.758352744,46.280056423,40.573004921,33.913806431,88.5136556667169,36.9288984208082,71.7849863061908,14.5000184832383,31.742666766,11.426623432598,27.0268339512722,37.163201928291,28.346592162408,2.95624153573903,4.02341838666561,0.531927414321738,5.25402683003865,49.4,96.9678491608217,76.5470406367272,32.239310575174,33.668248905859,1.68849256371092,5.30771848974083,"south","The South Side"
"Kenwood","39",19126,-87.596186,41.808918,27.72627846,69.3654530496374,14.2026103133807,3.83524407800019,1.44604463139225,52.303193066,77.510224164,89.371445515,50.7534259429292,28,36.526948933,5.7702614420898,26.29266372,77.395063766,16.9534016664942,89.847590672,67.188061168,76.490778681,67.424067574,94.4751909628106,57.8380397836288,79.3822161330178,10.8529674011827,65.354732185,9.25021177903068,24.4075916693931,20.6342818846249,56.3430256796355,2.02059219956325,9.24546247229872,0.633871372896876,20.9925243881918,20.4,98.4411965985646,77.5366201938627,21.4104188,24.2369043147674,5.44045851173215,5.25715629535612,"south","The South Side"
"Lincoln Square","4",40412,-87.687513,41.975182,12.439516771,40.7759817353015,15.4590231616915,0.684203892046281,0.174679205565237,68.057780718,96.878038329,86.608680723,41.0384691659854,28.3,59.980119833,7.90276170553888,27.37196848,52.735840465,6.36561544756536,90.880598717,89.959981951,61.437798292,61.12105255,93.7081868181378,65.744646853239,66.7153028880597,6.10940277659249,57.67500257,3.22750009239543,9.0906444156368,7.47876534692379,74.9269669404879,2.6273224916408,21.7548178103407,6.62493237608621,61.519436499317,0,96.1325921047821,76.1692960599074,13.2645996645997,11.5312741150374,9.76570732096356,1.93198005500067,"north","The North Side"
"Washington Park","40",12709,-87.617936,41.792356,54.5279787,87.8207643409896,13.1587391624899,5.56471775178621,2.2939444477225,31.640216686,75.532036666,71.255202948,57.1170159260489,21.9,18.883960051,65.4569603204927,39.89280924,81.489755466,17.2925466169134,76.439985777,33.598315063,28.665852156,24.3388941,86.1363142839392,22.3665054719453,60.7457425039635,15.8321404364779,28.502565256,24.0594011814681,43.5210099653282,44.7488344718607,36.7561383473257,3.04235331051284,2.52826061058761,0.546646735467639,1.80442457152564,66.3,97.48848628098,70.9651719506316,35.8996538941162,55.0345066628832,1.66956196701101,4.78034732488327,"south","The South Side"
"Hyde Park","41",29459,-87.592305,41.794088,39.868376126,51.8774869305338,14.7511077607098,2.15675731600882,0.942350803147769,56.095033392,100,88.557573549,54.8966840290974,27.5,46.755320952,12.3591156858882,22.57403538,75.642253954,10.5260709297933,97.247898032,70.052623888,53.750188941,58.16466351,96.5989838030951,78.6805546305424,61.0926219527347,5.98164657905951,47.487964654,4.47171815626917,22.4055874293389,7.427343417581,90.3263701434167,1.92430446876317,19.6781212662337,0.563478311404513,45.6494742221804,2.4,98.9829436807615,69.9116032439161,17.5755358244642,10.5503128303731,13.4289776980868,2.09915073342375,"south","The South Side"
"Woodlawn","42",25285,-87.594924,41.778877,40.891576239,81.9363927614556,13.1643801504814,4.71575659712877,1.98919189018116,49.292229325,92.778274336,60.260276751,55.8557834296973,22.1,16.515747246,36.9212547535005,36.04947573,56.740459078,18.1421913420078,73.102018587,58.241860544,42.920198652,46.052347806,88.0086702889929,28.6798953312674,52.7524760945979,16.1408192281295,42.146447387,12.0880776546736,31.1674225999499,38.6629772612068,39.9770100437098,5.43837628366989,6.91624481044887,0.52024092833695,10.1393639306652,55.2,96.3386585693391,74.3209687563138,32.9641057487403,35.1431968020062,4.06344496886691,3.18907261067481,"south","The South Side"
"South Shore","43",51919,-87.57279,41.761583,64.395946286,82.6063579973451,13.4596716522862,7.35502873188287,2.77131767877167,38.604532441,79.602098924,67.460314843,54.441900204698,23.1,25.702516795,57.5959879762995,48.42589186,85.053601265,18.1385971552238,75.694690325,23.837585597,34.326083146,29.288012367,88.7558162096147,23.8467719206335,66.361858340948,16.8205125535523,38.348417434,12.4673567791455,30.7912179240953,37.9231071916211,34.5835665630478,3.85814864708095,4.01664119949588,1.07052031906649,2.56352645878756,63.4,96.9177179528318,77.9995684866878,31.9786266358799,44.1175815864175,2.06096225490354,5.63783206236648,"south","The South Side"
"Chatham","44",31804,-87.615965,41.740206,54.26466436,73.9734413468701,12.666940218388,6.86739583370048,2.68239381723571,46.650768483,91.836099741,63.167290323,57.3511975489242,20.1,21.915229973,55.0562111666794,46.4972025,84.87836567,18.9362492806575,82.291637051,36.481066144,45.540817442,30.439707939,88.0204248929714,29.7499110210477,72.48628536409,15.2156305336912,29.911169837,11.1444350016291,24.7143335511024,33.4139310997095,30.6692596506273,5.34146434254341,2.3625691614751,0.226912429076143,1.11156965625547,73.6,97.3851108739807,76.1188101569439,28.4834484689694,36.8578897167482,1.42924939732083,5.36417629691575,"south","The South Side"
"Avalon Park","45",9359,-87.586347,41.744197,39.244228913,75.8561225400017,13.6562702486061,4.22177074689202,1.44348358161535,56.764618338,92.917799191,74.601092398,55.0664942327462,22,45.417512795,19.1656069037685,33.68408863,51.967533764,19.4080473624509,93.229816637,46.410682457,33.378407003,46.487852514,91.1662164536464,29.0992870722117,33.0685060993162,12.1191868166413,41.62763193,10.6951180081787,19.5656713942371,21.4219460740949,45.1245562403203,7.11770919780763,4.76559912354882,0.210296905202832,0.283207234761002,48.2,97.68938147906,77.9964466336209,24.6761010805054,21.9458858848359,2.89500171738092,3.81439818972881,"south","The South Side"
"South Chicago","46",27254,-87.551435,41.741243,54.44417983,79.5163467247348,12.3949768518056,5.95170739297916,2.50222100709257,49.390150299,84.824828202,78.42876358,52.3281859987983,19.3,32.456932875,25.3540326101423,46.53239852,94.246281029,12.1549499177072,86.35155913,32.982269838,48.193430928,43.066909741,82.3722882826112,19.8759456966741,73.54075471605,17.1472228878561,34.791247421,13.868723851302,28.8162996984286,39.4130357687428,27.9778735952477,5.40067028857555,12.4394243039886,4.93453974323992,3.34511017833639,70.2,90.6401983407078,77.7738800725736,31.9696518303482,42.910633074669,5.98403683686673,5.58802400629675,"south","The South Side"
"Burnside","47",2514,-87.59647,41.728181,27.122242164,85.6430024488488,12.8339261810341,3.30054294470155,0.881236741048134,63.186763248,78.277248017,70.492080687,41.619461712016,23.7,40.56914293,94.2531011377957,39.7538428,60.415798013,24.5524290008905,70.655813755,57.325267713,70.481115144,56.743401103,87.1941385342726,19.2279625640143,99.9335105706469,16.2163685618384,50.564628156,4.44880658054302,16.1376586483603,41.0848281252989,38.5424790780076,0.00692913964057466,3.60410718536086,0.143935666459674,1.77744836969891,57.1,93.6907090048449,77.0008692555227,31.4972210610949,33.9724959182646,0.225789751867265,10.4784630371041,"south","The South Side"
"Calumet Heights","48",13085,-87.57272,41.729673,24.236443159,53.0930021074419,13.6212855669329,3.04489992700393,0.835262072644971,68.137415338,88.196123697,80.045914852,38.6735231285945,20.4,46.655773751,40.1176905110561,11.70128913,77.63802988,16.3700392780642,74.405768635,73.572467061,60.96602176,51.175668114,94.5672000678978,39.4354105713609,78.4937290338738,8.24108924112915,61.085920294,9.54563940200023,12.3462768608019,17.8545949342664,44.4019282440657,2.54305860051738,3.9223330701651,0.427415091751387,0.238509775473768,51,98.3898369774942,77.9991503584241,21.6854258838495,21.6214901949148,1.6233727041526,8.52917088224893,"south","The South Side"
"Roseland","49",38934,-87.623366,41.706588,47.368107675,77.5547936004754,13.3411382704295,5.23812669267861,1.82910754084866,45.564879824,91.340746971,71.637918853,53.0811427204494,22.3,26.362419638,66.6029013129088,22.29478693,86.136806562,18.3873321184488,84.305739454,50.384738207,39.616246263,29.340992923,85.7493727680501,21.973804396123,46.0954576316204,18.8438275338187,56.444856971,14.0532432612626,21.790136060794,32.8440389573305,43.1201895564411,5.76909138066787,1.63791974579032,0.164866079714548,1.38386142809132,94.6,96.3718703508131,70.5863671618946,30.8562312307057,39.0224704656406,0.8173898878732,5.2977520002508,"south","The South Side"
"North Center","5",35150,-87.683839,41.947811,9.1677853067,13.7436845980964,16.4993020730495,0.463783361636406,0.157502792198416,71.690051946,94.490990999,87.495300736,28.7636312904414,24.3,75.722174128,15.9023273001898,25.67632353,68.156423352,5.81852798887477,96.087969903,85.961169814,73.171858601,55.915181731,96.8609812504602,79.4695634013796,71.6166257991833,3.63480596449594,59.575764332,2.7759737917219,4.78157409643083,4.04081716329854,85.8533039898412,1.91328929716651,9.94697437863105,1.52922932136645,73.2188167629721,0,98.3820161436527,52.912668437239,10.2127097872902,5.42772209094137,3.83346718606295,1.62835146277108,"north","The North Side"
"Pullman","50",6866,-87.598252,41.706131,33.435202598,45.5650520215603,13.2411760192555,3.60492908551715,0.748685589602764,56.032111726,95.111000632,65.334486254,46.6054465529683,19.3,41.819403238,77.8757988533393,59.64514125,NA,12.9898458624412,72.387373571,53.631914048,25.25767183,31.762730786,90.3120217470311,27.4778545624353,65.7789834329576,13.3205662544416,33.832408666,9.90506683123221,17.9618794908703,22.1149408490259,39.7471802431385,2.55330413194096,3.15939519418932,1.14635309690464,11.0830862759554,85.4,97.5411147445462,77.8411028372617,28.1526883075323,27.3973189253534,1.87265328364312,3.84310153869955,"south","The South Side"
"South Deering","51",14125,-87.570058,41.690639,38.616990155,85.3721428025175,13.0710960637215,2.58990157365353,1.06276724909833,33.812079214,88.95103895,66.700341964,64.2438963387203,14.1,34.343212066,70.7701693258621,43.76446707,56.326127583,14.20551798099,86.724440319,43.8863538,45.459362226,33.549032404,82.5162518636474,15.8641885006695,79.6627430722236,15.2347076195574,23.4598728,13.3852727403229,29.9521872267053,39.0196968456161,26.2908396423092,4.0626844183539,11.5606783856454,4.80505912797089,4.41638769453393,60.3,91.7155638833093,63.9078862332204,30.5987329771936,45.2368792841245,5.54801076490043,4.83790661297691,"south","The South Side"
"East Side","52",21787,-87.534907,41.707306,52.402927046,71.0739711156204,13.6946957250564,1.75947493288198,0.407082580443433,19.198894379,93.290745779,56.713872395,39.0056476062162,15.8,52.051127056,23.527644813033,33.49918528,87.073352249,8.92360332661776,91.734586399,53.419129226,63.111862861,27.867769823,73.8497999438772,11.961613477289,57.41931206579,7.39519306630528,25.856233775,12.0889498538092,14.5131398751342,21.3722593054361,44.4484459967642,3.618727371239,25.56850392748,11.329962057054,11.0708060428771,17.9,83.5219079431831,75.6018523773325,17.8930396311004,29.2941410195187,14.8070462476681,3.50628946506954,"south","The South Side"
"West Pullman","53",25940,-87.635745,41.67382,37.88976883,75.8341580878844,13.5775371599444,6.4071628350553,2.24115888166802,32.477905619,96.049438122,60.59222988,53.7636367696368,26,17.517913166,63.6690448179955,18.15121651,65.822500454,17.2313811571505,89.439748845,51.44427258,62.531442423,39.331924505,88.158621568579,17.8880176132098,61.7922681588914,18.6548110906003,47.15666502,15.9116262879886,22.7580971346015,33.7612343586074,32.774179805513,4.61747460037453,3.56080619405864,1.49465273776377,1.0524095223034,111.2,96.0150198920194,55.8916665545631,29.5882156292938,38.9965714776211,2.11257006989619,5.23139536127927,"south","The South Side"
"Riverdale","54",7229,-87.602849,41.660137,40.675603202,84.3565231665086,12.9107377026663,7.20666539222225,3.50844909006515,44.728308661,84.238405921,76.547621529,35.9909730945725,24.7,37.407429261,99.8478604652979,43.95300147,91.356376211,8.31272104125605,79.201354897,41.610690182,38.320149001,22.85312668,85.8654528897654,6.68354544956895,38.2877343865707,27.4141483976655,36.681697035,40.005753755522,52.1006261999678,63.8190758768366,21.2599156301811,8.16335704860983,0.605783191075075,0.0144579948152747,0.3272189069848,55.2,96.4801701836628,68.6538184639001,47.6106065954594,75.1577226133874,0.581250356199702,1.16564591185745,"south","The South Side"
"Hegewisch","55",9884,-87.556803,41.668188,18.139247911,74.0836390695204,12.3819353272002,6.26448332677109,2.76302761076591,41.478366692,92.010064207,57.37084609,42.2344473754076,18.5,42.101201648,30.8941740962106,13.74272502,68.957288467,7.21748713752115,88.218962889,69.525640227,78.284676518,48.463746113,85.4231705200046,18.3574991594565,71.0188504503159,10.9932230496492,48.603742481,13.9588694624947,12.3525687649518,20.380660720478,54.4118685525195,3.93026241407629,15.1825104906036,6.65419738829196,36.3163834857691,13.1,93.8729935779297,64.1631544671792,13.9642926420116,29.6053970220041,8.9677087020536,2.78286350678387,"south","The South Side"
"Garfield Ridge","56",35352,-87.764246,41.796185,12.123777768,54.7519943444078,14.7557737215495,2.29416103058897,0.409466370770408,56.310848575,88.430518606,74.77580967,41.4931620630685,12,74.913072275,47.7369888879815,29.61937736,72.715001861,11.4552471405673,90.399034943,81.443546553,85.493245889,45.540996933,83.4021561114724,24.1893824228041,36.2425714668941,5.20222768136231,30.840567701,3.27032779814218,6.44599578141018,8.51656671719775,71.5043344760799,3.39871313360809,24.377583871651,9.40006302452679,37.4235805641001,7.7,91.525583052425,91.730240634618,12.9317117562174,12.8822528891428,9.53201912814972,4.49240260855653,"west","The West Side"
"Archer Heights","57",14282,-87.726365,41.810873,28.837370994,70.1847981299472,14.5169409998557,1.81227962685858,0.477207453888992,53.064465712,89.389173565,60.038825295,61.7046932801414,8.3,47.861144886,0.584612868227603,38.48173113,83.36687158,6.09913324353004,88.084300822,53.135942208,60.628792639,34.134538381,75.1296969802654,10.2448208494821,10.3803488482463,13.6757078747655,42.264952519,3.97547217097004,9.80841327372334,16.2556616467359,70.7985092110126,4.28271479080987,42.366720738168,17.4352155947232,14.6764119442999,7.9,84.4111196259092,89.3064727117593,14.3367553367553,27.5327350830469,24.0388325698164,0.489146679705665,"west","The West Side"
"Brighton Park","58",45141,-87.698859,41.817364,43.578929207,81.5104662921678,14.5210106981624,1.97715812085258,0.636671661632893,42.877396708,87.131145721,73.837211091,44.7695487419093,12,26.315278222,17.5886856693077,37.72126258,86.978135731,9.88087805682954,86.930630167,49.113857047,48.178004579,32.471361099,70.8352438620674,13.425305959454,37.7253833260039,9.67743873794576,29.254303356,8.11483474825746,18.7280382803143,24.9052464454615,53.8596162152608,4.20980201790604,40.8706051000322,21.8611287033132,7.65033011189345,15.3,80.7040684252861,61.9786431977092,17.2998806991649,34.7585969250474,22.4653993892069,1.41783478957542,"west","The West Side"
"McKinley Park","59",15927,-87.6725,41.829927,9.8238970534,70.7220466026113,15.2270756213757,1.56939914016349,0.433072547953976,61.173365442,84.304019928,77.740935107,45.6280153957443,15,61.101506083,3.39383263658513,31.79809712,80.069327412,11.8035497057002,89.563027383,71.476374127,65.597842982,51.631779633,76.1730954331654,28.0185421351584,56.3670442695378,8.08251563999894,61.054025432,4.74670050600714,12.3450461548675,16.3500018919619,62.775319646228,4.27755800734628,38.6675413612238,18.7837861893173,14.3703917757134,14.1,86.9972646472303,76.7756554615963,18.4996200760648,26.5242556313529,15.5328505987993,2.95717046979195,"west","The West Side"
"Lake View","6",103048,-87.656001,41.944236,26.720927554,16.9312936439817,15.1797809941881,0.601833925109397,0.205305374395328,76.074879054,96.673155552,94.079125935,35.9637169529543,23.6,65.403615542,5.19481248042596,31.49918995,59.817453704,6.85633895891291,95.301584907,82.972889422,56.969485523,52.166895988,98.0423632043384,83.6321476702985,69.7489222132143,3.68886087008036,49.00195936,1.71038723020044,7.91885505259514,4.41648555727542,81.3666147596051,1.41496950529032,12.1035950292606,1.36386236786697,74.9103389090966,0,98.9062194539153,63.7384086236875,12.2064052935947,5.07635507556411,5.54954833855559,1.94182483986673,"north","The North Side"
"Bridgeport","60",33593,-87.648784,41.836151,22.63060086,66.3386017299552,15.3616616820558,0.846029153433053,0.245913720008374,45.390098771,88.266247678,73.238119308,35.9032325529748,13,43.418158072,35.0811113563643,32.16162112,92.09358422,10.8688885456079,85.088982391,62.095132964,54.552198272,33.013144366,81.9258045158456,38.0158304094677,68.2557363086782,6.73438512502358,35.812598794,4.83411003841456,14.4852268937739,11.5056708518042,59.3633239832724,4.40808557951193,35.9413228923018,17.4791977564918,34.1557415943046,0,89.6851710731735,76.2696681355597,17.3923181769545,22.4790767509933,15.8838088796663,3.30397575102274,"south","The South Side"
"New City","61",43510,-87.659171,41.809017,71.407372218,83.1955353326751,13.529518973468,3.26490202995454,1.07388411141701,38.550674027,79.495398955,59.321319268,48.231589977311,15.6,22.634101165,21.3747748946289,26.91402704,74.855860972,12.0097230663219,73.080447783,30.212504801,45.743270877,33.653584279,68.550751956306,10.2187411791963,50.4775074012755,13.6032536806989,43.054265444,11.6836729138322,29.3185227178882,31.851225156256,50.030885509801,6.54253440548879,26.4734112732022,16.7767264504783,9.61860384844031,36.4,80.3476221828487,54.2628987744524,24.0585207266865,40.7261619508593,18.7398855188912,1.46056825306667,"west","The West Side"
"West Elsdon","62",18249,-87.724213,41.792977,19.041729917,75.5180096979947,13.6277951739272,3.07410339075823,0.258591508242988,57.519870299,83.273037129,75.215499271,62.5435922198628,12.7,53.204022668,23.4935225660495,19.78255998,91.993891515,9.3108833101399,91.335103469,62.513985183,68.846431248,46.239873933,73.5409109193706,17.1176680605879,33.1713240395317,10.357699648783,57.112691836,11.4550818094118,12.9439189402273,18.4997841499046,55.5808127642251,4.34729572915342,33.8661318497763,14.9620929597214,14.5623589740509,6.1,84.6638963539309,91.7069511348042,13.1205721,26.6524271577161,15.3747502263773,3.27997327629367,"west","The West Side"
"Gage Park","63",39439,-87.696433,41.795429,31.412435215,90.4798505466213,13.6058066102639,2.20627069816452,0.697936924839654,34.173989463,88.151855582,61.31187107,54.1100907789058,14.6,32.940323576,20.8708077124487,32.79754651,75.125082728,9.26957757999055,89.82346519,37.959316217,36.133435837,34.361248426,70.1439750489529,11.1876770061187,19.6412344719735,15.6807915809426,40.742426019,8.89984835935741,15.8364452811325,25.2417556171484,49.3272466923891,6.46244035329253,38.8289447655072,19.2218724414337,2.90459034287448,14.4,81.2965488654088,37.1042053552006,17.0196809771288,32.1658671960589,23.2034696410912,2.04312884294778,"west","The West Side"
"Clearing","64",24519,-87.768517,41.779582,16.094531935,55.9708553908199,14.2745968806404,2.3790454987187,0.829816152192466,46.295753869,92.499598544,67.558152208,51.5901895956271,8.8,60.012793938,49.1477609721487,19.76050458,74.694275441,8.74550168515151,93.010379447,67.176297615,72.870012486,49.603375638,86.536090715588,22.7116410764267,42.7836756240268,8.34982133578234,46.291010077,5.13999574771948,6.60238016110522,13.1621008426263,53.3812700634594,4.99297013830922,23.7174427341112,8.58978856789035,35.793385309966,5.2,91.8742402680778,87.3718445816083,13.7653086796302,16.1484623810022,10.5054542368405,4.02991240964605,"west","The West Side"
"West Lawn","65",33543,-87.726927,41.769774,40.146599181,78.5284261386088,14.1072367348587,2.60508742847346,0.67141462694709,34.635426653,79.777617365,68.57251245,58.7535699546729,10.7,45.474548084,33.4765732598414,29.42907788,81.264907941,8.2625830586197,83.025320818,61.303013852,55.639231822,33.5893855,72.8528841271527,15.9745760495192,13.7223803320277,11.4411881219493,51.518999766,7.40953277843992,14.6981220984344,17.7945438421909,62.9976418977142,1.99911036320643,32.4742279541478,13.6767420140971,12.4348067740238,6.7,83.9572445524704,83.4879916844887,14.5359166436666,28.3542762476872,16.7932160194647,2.20824756892409,"west","The West Side"
"Chicago Lawn","66",55789,-87.695667,41.771849,40.314535353,90.7997486274631,13.1586716503513,3.85002631132864,1.37969145205799,39.226903348,87.467844844,66.070301602,62.5843004893906,18.5,20.660622051,27.0809916982636,34.20178447,87.140362299,11.8163809061397,83.046947249,31.77587253,47.788953144,38.827165326,76.4425443031616,10.0696625352379,32.7555891696764,17.8442080330162,35.92735999,8.34934116300208,21.5079834561575,31.6431024394659,38.5997692777547,5.98691440000614,26.4819262892532,13.2690699357453,2.14169315650651,39.5,86.1019257084348,37.0150964989274,29.3039716960283,36.1017254827847,17.5748124622997,2.64765137495917,"west","The West Side"
"West Englewood","67",29899,-87.666598,41.775926,48.103544615,81.5101094550786,13.2296051313759,5.01446848709496,1.73748045623478,36.155705434,76.404562513,57.109010694,64.8243599377268,25.9,26.121351431,63.5006602236881,22.2810632,97.311086255,18.902895691664,81.117096293,40.436149244,47.620277891,43.311740624,76.7560149703992,9.90555675819545,41.6559667402328,21.7931340080077,49.502664576,11.197784928867,33.0953344637634,44.3398013567538,32.7001981776474,5.11275627660172,7.99559522195585,3.8037500066894,0.925881792628132,87.9,92.0435918792784,37.0004607730816,36.4375223378797,45.0839467224045,5.54221598032761,4.8097654406748,"south","The South Side"
"Englewood","68",24322,-87.642502,41.777201,75.248770082,88.9815162652863,12.8940360966017,5.803663762966,2.30684129945357,26.550314206,79.329720142,69.177382441,53.562172487691,24.7,11.629907881,22.2534617002075,50.62309173,87.857315162,23.7942442255749,86.607704301,29.37755703,44.797671748,40.266174374,79.4857870031032,13.4764139034436,60.8995783321013,22.3748150484797,52.074359799,15.9203126273668,36.0181077072662,49.8739503864679,26.5866128601325,8.31608011108076,4.39036664272537,0.730477631406293,1.25757553987018,100.4,95.497275219199,70.7575762471329,40.2871031871032,48.9688806548948,2.16895382847067,4.76829139882264,"south","The South Side"
"Greater Grand Crossing","69",31543,-87.616139,41.763251,51.628832055,83.4947470691415,12.9891692820656,6.08646726299288,2.26736059235357,30.279052654,87.263626602,69.971733741,52.1624658220099,21.4,31.026163469,10.5555862885626,32.45432305,77.421680866,20.4611973543668,86.210168957,47.473661233,48.318681014,38.923027453,88.5588919536956,21.5725743593661,64.5851715651361,16.9477146437414,40.682514321,18.6022635644107,30.0168023400411,41.6699623313187,27.0792745949061,5.54283022855025,1.99362889385207,0.537365675767471,0.971954980918839,94.1,98.4103481566903,77.7879837942744,36.9135602356024,46.2194835633858,0.617856965721303,6.52557310446636,"south","The South Side"
"Lincoln Park","7",70425,-87.649491,41.922696,24.346167085,16.5065626601661,16.24747944915,0.713051106208254,0.279551967018034,77.205216945,98.289208673,94.385156142,33.8605929966811,26.3,75.978282818,4.68280359213997,35.40366578,69.082608829,4.7228643278975,94.950274784,87.445305833,63.496650974,44.253764659,97.8861797194152,85.7312817859907,81.292986634616,3.66726943477668,38.393059682,1.16263667252235,8.78562108480703,3.27075582720002,82.1127729706579,1.35223567006449,13.1868738523129,1.10917138830735,79.4779786560877,0,98.9731510454447,75.3982050765079,12.3314468603841,4.45300125611488,7.05915233272026,2.26869868028943,"north","The North Side"
"Ashburn","70",41280,-87.708363,41.745756,26.630210883,69.0871224224352,14.0465598881995,4.82722156486336,1.26874396296874,40.376832689,96.127989872,69.916343922,61.5607696909006,15.3,48.078102896,68.2132581272332,17.70925895,95.323913504,11.7008101247472,95.655509272,65.399440181,69.668804266,26.674318383,80.9247224627392,19.9863421734271,28.5981020319447,9.93449127301904,43.711882326,7.73464815577036,13.1596784234073,17.7359710978408,72.4463770290173,3.73464553643413,17.7558221988527,6.26304699119127,8.77374260331259,21.8,90.7511840027271,38.2144284299702,15.9574479936478,22.8686169982455,9.34233938305015,3.43737329763733,"south","The South Side"
"Auburn Gresham","71",44959,-87.656305,41.744203,65.472692575,80.6052360207367,13.0280001333406,6.11908510868116,2.48871285063472,20.552076287,89.114646647,61.29280461,53.0031061345371,18.7,15.148574113,25.2419026015466,45.75565935,87.824052145,19.8148486192623,77.981963386,27.961038775,39.715545894,25.926782897,83.9837185981116,16.1722186013207,48.3345180873956,19.3920631195418,45.18638486,16.9938570483232,26.328193877184,37.8262393017862,37.0883499267276,4.04563151511833,3.22272681711742,1.07250821866018,1.06505634989801,87,95.7952986835126,51.8137915643628,29.8605509,40.9802151338454,1.98738376903332,4.39624309646587,"south","The South Side"
"Beverly","72",19950,-87.675072,41.713148,16.099581871,13.4895216054874,14.4732397138178,4.64922111904007,0.495182796422148,45.526814278,97.400438447,74.023764399,31.7368167620704,40.5,81.385364931,50.254538522419,30.45753095,41.873757441,10.5120812436319,82.907068518,84.445160837,84.285705618,70.64792717,96.9777832614558,58.9847597349796,71.4447064938831,7.5548297614625,70.513238036,4.05698217001561,5.04923627701067,6.16052993922626,62.1342523290991,3.16998091339738,3.67399445831885,0.055480968590574,55.8179099098103,7.9,99.4794586140869,72.2422329038949,10.4421775170178,10.4432172805194,0.943060895471699,4.48172746218699,"south","The South Side"
"Washington Heights","73",25075,-87.648897,41.717495,21.635223617,66.4630713722018,12.8426039054365,5.26849089611249,1.37434653715521,43.034293545,92.759531592,61.202520314,51.9320249257638,21.4,49.367262472,64.8556030826281,19.20663155,72.327061458,18.8461585239743,91.53017969,50.269267633,55.422907175,41.181675966,90.1114211811806,28.2232151014178,66.2342144304974,12.6052542592324,50.925157321,8.7784059252977,14.2911676616801,28.1031585897244,31.0806472412382,5.92505885035815,1.10615367798574,0.0207714416906288,1.48076231968764,70.8,98.1803777144308,77.9992280769855,26.1258513619191,28.4111565934302,0.48790167601885,6.13560473014156,"south","The South Side"
"Mount Greenwood","74",18633,-87.713189,41.694876,6.8554499429,24.3278406886242,14.035811158648,5.36375806454497,1.08467457113684,61.071495697,88.982788078,78.907981483,37.2498902025593,18.6,84.563346694,62.7846679184914,25.85451107,53.695782125,10.9801331156244,86.569792399,95.659499664,85.244744029,50.441613118,95.9271667534375,40.8449578644136,69.5628746245277,6.09317972942754,52.718215698,3.9648605878273,6.20273660175397,3.2645076757097,91.8539537757479,1.63390967902185,2.45042807057828,0.54607562050503,83.9732971963467,0,97.9768734808453,50.4788462477453,10.264327293564,8.44115192547347,0.545988865096649,4.40098772990885,"south","The South Side"
"Morgan Park","75",21714,-87.669062,41.689729,23.624819104,52.2969022168089,14.0989444822903,4.05628991983933,1.18136353708911,42.989890368,92.859560521,74.644230957,48.7378429779264,28.1,56.01548736,32.3508556614186,31.11878961,89.422832207,13.3404025087954,90.815294173,79.796737078,65.819120789,41.652203873,93.2315802339597,39.4037978096509,59.3719414939203,9.01879259494341,45.757646598,6.33438369735308,13.4104928079775,17.681093212667,49.1794091532205,1.55839369897129,3.26447981870084,0.296617662224277,30.6542790612963,59.5,98.1174989850782,69.2554768017657,21.877758511034,22.1608040758116,0.939595780052942,4.8675740996092,"south","The South Side"
"O'Hare","76",14416,-87.893699,41.975696,6.7238200164,59.9907566862553,12.9893081715445,1.29462302187179,0.455479922680109,53.636200327,92.159950026,77.402432631,42.3199067662672,NA,73.316652054,75.7712840549324,34.27866975,87.385578926,7.64119156039109,81.783262209,84.809828656,72.635567484,39.046119398,91.2107001381775,40.2414991113351,70.472165953356,4.45463340799501,40.020650531,3.40871371747505,8.65547534894401,6.27443780718068,84.5995795911992,1.51713553288866,57.9507021503489,13.8976324482885,61.1013802998617,0,96.4949809942693,94.4029907067712,16.382905497433,18.8673949628422,31.8037664160514,2.95821330155727,"north","The North Side"
"Edgewater","77",56308,-87.663419,41.986719,15.864158492,58.0145766086318,13.8663684478073,1.6902922330976,0.453682715904957,70.673404255,93.052423794,89.148166144,43.0656732046871,26.3,70.345591667,0.00151651223009447,33.40747465,61.781675884,11.0629510552876,86.71901057,88.121849673,64.723371055,59.983997179,93.0551223083183,60.0275775401917,58.3420912477952,7.39086385527919,53.746607932,1.79150732886735,15.778411605998,10.8547042243814,69.4723398702186,2.91995079212532,26.2576595863601,5.40329020548415,53.6475078351646,4,96.8871601307888,77.9977530101089,17.2094678905321,15.5359620315475,11.3047675619282,2.83401871872558,"north","The North Side"
"Near North Side","8",97789,-87.633318,41.899611,35.414202725,26.1984750904374,16.0473291501948,1.40753538188113,0.412193604770167,68.373296695,97.326714916,92.834547037,35.3371538048471,17.8,66.503255112,0.00347276661890658,29.71138997,70.623466242,7.70393353166755,97.324837311,69.844978438,69.797834878,51.875295519,98.3459893748911,84.305599136589,63.0512807003643,2.78235831523211,33.835172956,1.58838259495122,9.50060573140394,4.7870086749272,84.8320937615441,1.0766518752067,17.5890214856921,0.638381482774881,68.6112538436234,2.2,99.4941763591015,76.9525375231516,13.8394245,6.13838960825642,9.25772787982221,2.16706612062483,"north","The North Side"
"Edison Park","9",11521,-87.81378,42.007627,NA,8.16174762769048,16.0079796880569,0.680027681478166,0.100023157555721,57.806709034,97.16682861,82.679660846,37.922088109686,23.4,85.028504689,26.3903188152609,30.84433146,92.662290679,7.29856685651668,91.770933839,94.731181397,79.381962439,49.449627166,97.4995842182822,55.351425475636,57.0776495508473,3.22606551243208,61.753697219,2.0111946009631,6.36981941407552,1.8477309891498,99.9999051299556,1.00973229142727,11.9581391246301,1.47466741004764,80.3715065720763,0,99.3038668494713,50.5919397462495,8.93379124890246,4.46160531185302,4.40971829629892,2.88474145080971,"north","The North Side"
"United States",NA,333287562,NA,NA,NA,NA,NA,NA,NA,NA,NA,NA,NA,NA,NA,NA,NA,NA,13.4,NA,NA,NA,NA,89.6,35.7,NA,4.3,NA,2.33370905092462,12.6,12.4,NA,2.5,13.856555799103,8.4,57.7,NA,NA,NA,12.8,25.6611955414046,6.50280672640283,6.2,NA,NA
